{"cameraMode":{"drawMode":0,"name":"Shaded","section":"Shading Mode"},"sceneLighting":false,"audioPlay":false,"sceneViewState":{"showFog":true,"showMaterialUpdate":true,"showSkybox":false,"showFlares":true,"showImageEffects":true,"showParticleSystems":true,"showVisualEffectGraphs":true,"m_FxEnabled":true},"in2DMode":false,"pivot":{"x":-1.0925071239471436,"y":0.6519647836685181,"z":-0.06277815252542496},"rotation":{"x":-0.02002432756125927,"y":0.6796263456344605,"z":-0.01856495626270771,"w":-0.7330521941184998},"size":3.5028254985809328,"orthographic":false}