{"cameraMode":{"drawMode":0,"name":"Shaded","section":"Shading Mode"},"sceneLighting":false,"audioPlay":false,"sceneViewState":{"showFog":true,"showMaterialUpdate":true,"showSkybox":false,"showFlares":true,"showImageEffects":true,"showParticleSystems":true,"showVisualEffectGraphs":true,"m_FxEnabled":true},"in2DMode":false,"pivot":{"x":0.1274292767047882,"y":1.3591532707214356,"z":0.22442692518234254},"rotation":{"x":0.00003433931851759553,"y":-0.9992435574531555,"z":0.038990266621112826,"w":0.0008979699923656881},"size":1.678951621055603,"orthographic":true}