{"cameraMode":{"drawMode":0,"name":"Shaded","section":"Shading Mode"},"sceneLighting":false,"audioPlay":false,"sceneViewState":{"showFog":true,"showMaterialUpdate":true,"showSkybox":false,"showFlares":true,"showImageEffects":true,"showParticleSystems":true,"showVisualEffectGraphs":true,"m_FxEnabled":true},"in2DMode":false,"pivot":{"x":0.03057125210762024,"y":1.8427033424377442,"z":0.270702064037323},"rotation":{"x":0.028910702094435693,"y":0.9530159831047058,"z":-0.09639789909124375,"w":0.28574228286743166},"size":4.42217493057251,"orthographic":false}