{"cameraMode":{"drawMode":0,"name":"Shaded","section":"Shading Mode"},"sceneLighting":false,"audioPlay":false,"sceneViewState":{"showFog":true,"showMaterialUpdate":true,"showSkybox":false,"showFlares":true,"showImageEffects":true,"showParticleSystems":true,"showVisualEffectGraphs":true,"m_FxEnabled":true},"in2DMode":false,"pivot":{"x":0.013071124441921711,"y":-0.00398601870983839,"z":0.42035093903541567},"rotation":{"x":-0.6051522493362427,"y":0.09513340890407562,"z":-0.07315360009670258,"w":-0.7870171666145325},"size":0.5243362188339233,"orthographic":false}