{"cameraMode":{"drawMode":0,"name":"Shaded","section":"Shading Mode"},"sceneLighting":false,"audioPlay":false,"sceneViewState":{"showFog":true,"showMaterialUpdate":true,"showSkybox":false,"showFlares":true,"showImageEffects":true,"showParticleSystems":true,"showVisualEffectGraphs":true,"m_FxEnabled":true},"in2DMode":false,"pivot":{"x":0.013071124441921711,"y":-0.00398601870983839,"z":0.42035093903541567},"rotation":{"x":-0.7022018432617188,"y":0.004482030402868986,"z":-0.004422714468091726,"w":-0.7119569778442383},"size":2.324336051940918,"orthographic":false}