{"cameraMode":{"drawMode":0,"name":"Shaded","section":"Shading Mode"},"sceneLighting":false,"audioPlay":false,"sceneViewState":{"showFog":true,"showMaterialUpdate":true,"showSkybox":false,"showFlares":true,"showImageEffects":true,"showParticleSystems":true,"showVisualEffectGraphs":true,"m_FxEnabled":true},"in2DMode":false,"pivot":{"x":0.2892913520336151,"y":0.013259410858154297,"z":0.14371657371520997},"rotation":{"x":0.35098814964294436,"y":-0.17550891637802125,"z":0.06707652658224106,"w":0.9173940420150757},"size":2.645883083343506,"orthographic":true}