{"cameraMode":{"drawMode":0,"name":"Shaded","section":"Shading Mode"},"sceneLighting":false,"audioPlay":false,"sceneViewState":{"showFog":true,"showMaterialUpdate":true,"showSkybox":false,"showFlares":true,"showImageEffects":true,"showParticleSystems":true,"showVisualEffectGraphs":true,"m_FxEnabled":true},"in2DMode":false,"pivot":{"x":0.2892913520336151,"y":0.013259410858154297,"z":0.14371657371520997},"rotation":{"x":0.24125802516937257,"y":-0.04367449879646301,"z":0.010798403061926365,"w":0.9694703817367554},"size":3.3443708419799806,"orthographic":true}