{"cameraMode":{"drawMode":0,"name":"Shaded","section":"Shading Mode"},"sceneLighting":true,"audioPlay":false,"sceneViewState":{"showFog":false,"showMaterialUpdate":false,"showSkybox":false,"showFlares":true,"showImageEffects":true,"showParticleSystems":true,"showVisualEffectGraphs":true,"m_FxEnabled":true},"in2DMode":false,"pivot":{"x":0.15502087771892548,"y":1.4186341762542725,"z":0.07751761376857758},"rotation":{"x":0.24887394905090333,"y":-0.4077988564968109,"z":0.1165575385093689,"w":0.8707330822944641},"size":4.753302574157715,"orthographic":true}