{"cameraMode":{"drawMode":0,"name":"Shaded","section":"Shading Mode"},"sceneLighting":false,"audioPlay":false,"sceneViewState":{"showFog":true,"showMaterialUpdate":true,"showSkybox":false,"showFlares":true,"showImageEffects":true,"showParticleSystems":true,"showVisualEffectGraphs":true,"m_FxEnabled":true},"in2DMode":false,"pivot":{"x":0.03834843635559082,"y":0.050381988286972049,"z":-0.10116493701934815},"rotation":{"x":-0.19325028359889985,"y":0.4364849925041199,"z":-0.0967211127281189,"w":-0.8734370470046997},"size":0.9742786288261414,"orthographic":false}