{"cameraMode":{"drawMode":0,"name":"Shaded","section":"Shading Mode"},"sceneLighting":false,"audioPlay":false,"sceneViewState":{"showFog":true,"showMaterialUpdate":true,"showSkybox":false,"showFlares":true,"showImageEffects":true,"showParticleSystems":true,"showVisualEffectGraphs":true,"m_FxEnabled":true},"in2DMode":false,"pivot":{"x":0.03834843635559082,"y":0.050381988286972049,"z":-0.10116493701934815},"rotation":{"x":-0.02855566330254078,"y":0.9622660279273987,"z":-0.11197308450937271,"w":-0.24657787382602693},"size":0.37427860498428347,"orthographic":false}