{"cameraMode":{"drawMode":0,"name":"Shaded","section":"Shading Mode"},"sceneLighting":false,"audioPlay":false,"sceneViewState":{"showFog":true,"showMaterialUpdate":true,"showSkybox":false,"showFlares":true,"showImageEffects":true,"showParticleSystems":true,"showVisualEffectGraphs":true,"m_FxEnabled":true},"in2DMode":false,"pivot":{"x":0.10822087526321411,"y":-0.09068191051483154,"z":-0.35738611221313479},"rotation":{"x":0.3615274727344513,"y":0.39152711629867556,"z":-0.17075848579406739,"w":0.8288105726242065},"size":0.9742786288261414,"orthographic":false}