{"cameraMode":{"drawMode":0,"name":"Shaded","section":"Shading Mode"},"sceneLighting":false,"audioPlay":false,"sceneViewState":{"showFog":false,"showMaterialUpdate":false,"showSkybox":false,"showFlares":true,"showImageEffects":true,"showParticleSystems":true,"showVisualEffectGraphs":true,"m_FxEnabled":true},"in2DMode":false,"pivot":{"x":0.8057428598403931,"y":-0.005954742431640625,"z":3.588125228881836},"rotation":{"x":0.7144526243209839,"y":0.007346120197325945,"z":-0.007502030581235886,"w":0.699604868888855},"size":23.678695678710939,"orthographic":true}