{"cameraMode":{"drawMode":0,"name":"Shaded","section":"Shading Mode"},"sceneLighting":false,"audioPlay":false,"sceneViewState":{"showFog":true,"showMaterialUpdate":true,"showSkybox":false,"showFlares":true,"showImageEffects":true,"showParticleSystems":true,"showVisualEffectGraphs":true,"m_FxEnabled":true},"in2DMode":false,"pivot":{"x":0.09128427505493164,"y":0.0819692611694336,"z":-3.2750868797302248},"rotation":{"x":-0.18653704226016999,"y":-0.04213577136397362,"z":0.008006881922483445,"w":-0.9815163612365723},"size":7.414247035980225,"orthographic":false}