{"cameraMode":{"drawMode":0,"name":"Shaded","section":"Shading Mode"},"sceneLighting":true,"audioPlay":false,"sceneViewState":{"showFog":true,"showMaterialUpdate":true,"showSkybox":false,"showFlares":true,"showImageEffects":true,"showParticleSystems":true,"showVisualEffectGraphs":true,"m_FxEnabled":true},"in2DMode":false,"pivot":{"x":1.7933728694915772,"y":-0.08132791519165039,"z":-0.13844087719917298},"rotation":{"x":0.3831223249435425,"y":-0.1227574348449707,"z":0.051455385982990268,"w":0.9140668511390686},"size":2.088434934616089,"orthographic":false}