{"cameraMode":{"drawMode":0,"name":"Shaded","section":"Shading Mode"},"sceneLighting":false,"audioPlay":false,"sceneViewState":{"showFog":true,"showMaterialUpdate":true,"showSkybox":false,"showFlares":true,"showImageEffects":true,"showParticleSystems":true,"showVisualEffectGraphs":true,"m_FxEnabled":true},"in2DMode":false,"pivot":{"x":1.088249921798706,"y":-0.07063806056976319,"z":-1.200584888458252},"rotation":{"x":0.25908246636390688,"y":-0.09726687520742417,"z":0.026004202663898469,"w":0.9606773853302002},"size":3.195223093032837,"orthographic":true}