{"cameraMode":{"drawMode":0,"name":"Shaded","section":"Shading Mode"},"sceneLighting":false,"audioPlay":false,"sceneViewState":{"showFog":true,"showMaterialUpdate":true,"showSkybox":false,"showFlares":true,"showImageEffects":true,"showParticleSystems":true,"showVisualEffectGraphs":true,"m_FxEnabled":true},"in2DMode":false,"pivot":{"x":0.14400792121887208,"y":0.7580643892288208,"z":1.903120517730713},"rotation":{"x":0.2354504019021988,"y":0.23871000111103059,"z":-0.059946879744529727,"w":0.9402904510498047},"size":3.9447286128997804,"orthographic":true}