{"cameraMode":{"drawMode":0,"name":"Shaded","section":"Shading Mode"},"sceneLighting":false,"audioPlay":false,"sceneViewState":{"showFog":true,"showMaterialUpdate":true,"showSkybox":false,"showFlares":true,"showImageEffects":true,"showParticleSystems":true,"showVisualEffectGraphs":true,"m_FxEnabled":true},"in2DMode":false,"pivot":{"x":0.12319231033325196,"y":-0.09676539897918701,"z":0.20130407810211183},"rotation":{"x":-0.01296977698802948,"y":0.755806565284729,"z":-0.014971298165619374,"w":-0.6545143723487854},"size":2.8446643352508547,"orthographic":false}