{"cameraMode":{"drawMode":0,"name":"Shaded","section":"Shading Mode"},"sceneLighting":false,"audioPlay":false,"sceneViewState":{"showFog":true,"showMaterialUpdate":true,"showSkybox":false,"showFlares":true,"showImageEffects":true,"showParticleSystems":true,"showVisualEffectGraphs":true,"m_FxEnabled":true},"in2DMode":false,"pivot":{"x":-0.15750204026699067,"y":1.7347803115844727,"z":-1.238295555114746},"rotation":{"x":-0.21212153136730195,"y":0.21091806888580323,"z":-0.04694462567567825,"w":-0.9530573487281799},"size":10.131580352783204,"orthographic":false}