{"cameraMode":{"drawMode":0,"name":"Shaded","section":"Shading Mode"},"sceneLighting":true,"audioPlay":false,"sceneViewState":{"showFog":false,"showMaterialUpdate":false,"showSkybox":false,"showFlares":true,"showImageEffects":true,"showParticleSystems":true,"showVisualEffectGraphs":true,"m_FxEnabled":true},"in2DMode":false,"pivot":{"x":11.271044731140137,"y":2.001272439956665,"z":9.851908683776856},"rotation":{"x":0.2516581118106842,"y":-0.017128538340330125,"z":0.00445780623704195,"w":0.9676627516746521},"size":1.9399874210357667,"orthographic":true}