{"cameraMode":{"drawMode":0,"name":"Shaded","section":"Shading Mode"},"sceneLighting":false,"audioPlay":false,"sceneViewState":{"showFog":false,"showMaterialUpdate":false,"showSkybox":false,"showFlares":true,"showImageEffects":true,"showParticleSystems":true,"showVisualEffectGraphs":true,"m_FxEnabled":true},"in2DMode":false,"pivot":{"x":-6.750082969665527,"y":0.21227717399597169,"z":6.750008583068848},"rotation":{"x":0.033891115337610248,"y":-0.003006914397701621,"z":0.00007228514004964381,"w":0.9994519948959351},"size":33.772769927978519,"orthographic":false}