{"cameraMode":{"drawMode":0,"name":"Shaded","section":"Shading Mode"},"sceneLighting":false,"audioPlay":false,"sceneViewState":{"showFog":true,"showMaterialUpdate":true,"showSkybox":false,"showFlares":true,"showImageEffects":true,"showParticleSystems":true,"showVisualEffectGraphs":true,"m_FxEnabled":true},"in2DMode":false,"pivot":{"x":-0.04383457452058792,"y":0.503260612487793,"z":0.33572888374328616},"rotation":{"x":0.0109900813549757,"y":-0.9187481999397278,"z":0.3938666880130768,"w":0.025647565722465516},"size":1.047073245048523,"orthographic":false}