{"cameraMode":{"drawMode":0,"name":"Shaded","section":"Shading Mode"},"sceneLighting":false,"audioPlay":false,"sceneViewState":{"showFog":true,"showMaterialUpdate":false,"showSkybox":false,"showFlares":true,"showImageEffects":true,"showParticleSystems":true,"showVisualEffectGraphs":true,"m_FxEnabled":true},"in2DMode":false,"pivot":{"x":-0.47008275985717776,"y":0.03437232971191406,"z":-1.0077247619628907},"rotation":{"x":0.24865706264972688,"y":-0.20727130770683289,"z":0.0545428991317749,"w":0.9445939064025879},"size":3.454517364501953,"orthographic":false}