{"cameraMode":{"drawMode":0,"name":"Shaded","section":"Shading Mode"},"sceneLighting":false,"audioPlay":false,"sceneViewState":{"showFog":true,"showMaterialUpdate":true,"showSkybox":false,"showFlares":true,"showImageEffects":true,"showParticleSystems":true,"showVisualEffectGraphs":true,"m_FxEnabled":true},"in2DMode":false,"pivot":{"x":0.7746021747589111,"y":1.6314053535461426,"z":-0.14828157424926759},"rotation":{"x":0.3182504177093506,"y":-0.14607146382331849,"z":0.049523040652275088,"w":0.9354628920555115},"size":4.262914180755615,"orthographic":true}