{"cameraMode":{"drawMode":0,"name":"Shaded","section":"Shading Mode"},"sceneLighting":false,"audioPlay":false,"sceneViewState":{"showFog":true,"showMaterialUpdate":true,"showSkybox":false,"showFlares":true,"showImageEffects":true,"showParticleSystems":true,"showVisualEffectGraphs":true,"m_FxEnabled":true},"in2DMode":false,"pivot":{"x":-0.009887993335723877,"y":0.6027060747146606,"z":-0.16799557209014893},"rotation":{"x":0.06062963232398033,"y":-0.910849928855896,"z":0.1446579247713089,"w":0.3817846477031708},"size":0.7623724341392517,"orthographic":false}